{"pred_vs_true":{"width":1920,"height":1440,"_type":"image-file","sha256":"75ab5f75653eb0435eb04793a349b3eb4b46ac137154096732b813b0ecec7ac7","size":162742,"path":"media/images/pred_vs_true_1_75ab5f75653eb0435eb0.png","format":"png"},"_wandb":{"runtime":1},"test_ROC_AUC":0.914000949216896,"_step":1,"test_MAE":0.05921447357397565,"test_F1":0,"test_RMSE":0.06980632896101378,"residual_hist":{"size":47540,"path":"media/images/residual_hist_1_b9541f0936b1391b6881.png","format":"png","width":1920,"height":1440,"_type":"image-file","sha256":"b9541f0936b1391b6881181d73ad0a1bd0ef42932efa0f2b1ca1d267bbfe8e45"},"_runtime":1,"_timestamp":1.7642445965976593e+09}