date,ndvi,precip_8d_sum_mm,soil_moisture_8d_mean,temp_8d_mean_C,pet_8d_sum_mm
2000/2/18,0.144289,3.217027,0.204952,8.873877,42.914101
2000/2/26,0.283586,16.738427,0.241695,12.76102,62.692244
2000/3/5,0.293746,21.581082,0.279072,11.287419,50.107986
2000/3/13,0.291768,10.068712,0.268736,8.476537,41.351705
2000/3/21,0.317378,34.508613,0.31173,8.73326,37.371035
2000/3/29,0.330968,15.195848,0.322072,12.000276,43.689093
2000/4/6,0.337675,3.634195,0.300858,11.939525,68.402431
2000/4/14,0.373015,13.719749,0.250656,14.366104,58.092254
2000/4/22,0.408415,7.654017,0.214433,17.823862,80.364969
2000/4/30,0.398686,26.472053,0.244543,16.902142,60.558225
2000/5/8,0.433626,7.293385,0.232952,22.153567,82.630852
2000/5/16,0.41207,16.763451,0.182941,20.323279,94.098198
2000/5/24,0.391703,26.68809,0.19646,23.612354,80.765382
2000/6/1,0.398228,18.652062,0.227327,24.419254,83.902171
2000/6/9,0.377795,12.267657,0.234924,23.117968,80.569714
2000/6/17,0.414034,35.758429,0.254799,22.670609,75.753087
2000/6/25,0.414988,38.120073,0.2546,24.62366,71.186536
2000/7/3,0.436109,18.228091,0.265962,25.71808,79.013647
2000/7/11,0.432681,9.145588,0.167957,28.580676,96.508563
2000/7/19,0.439638,27.881252,0.186909,28.162564,87.614574
2000/7/27,0.432685,13.453271,0.192646,26.590416,86.021596
2000/8/4,0.344121,4.400367,0.15603,28.089071,92.202228
2000/8/12,0.345663,5.829124,0.141569,29.501472,102.069652
2000/8/20,0.365106,6.916625,0.142539,28.447464,100.447823
2000/8/28,0.339726,3.172651,0.131052,29.710954,103.097245
2000/9/5,0.322588,3.03987,0.12787,29.247912,99.911061
2000/9/13,0.307929,2.607648,0.128929,26.590064,93.747027
2000/9/21,0.315954,12.212553,0.144129,22.076982,87.933418
2000/9/29,0.299578,2.030987,0.177384,19.330224,76.049523
2000/10/7,0.288587,5.074615,0.173885,13.21558,56.837398
2000/10/15,0.277002,21.436686,0.209839,17.022942,46.343671
2000/10/23,0.265251,52.694642,0.301993,16.78652,28.612656
2000/10/31,0.312177,41.099881,0.352761,14.826645,32.195101
2000/11/8,0.3064,23.581936,0.345283,5.348265,22.532376
2000/11/16,0.280904,4.701613,0.323794,1.053293,22.803185
2000/11/24,0.281387,11.290818,0.309801,4.109093,18.325752
2000/12/2,0.276195,1.734902,0.283732,3.398625,21.795332
2000/12/10,0.206922,8.293419,0.270691,1.249066,20.569062
2000/12/18,0.223285,2.887954,0.279131,0.240621,24.789615
2000/12/26,0.137857,13.080403,0.279094,-2.42014,12.199589
2001/1/1,0.232384,0.817725,0.293889,-2.983571,9.583582
2001/1/9,0.262524,3.151009,0.316764,3.633932,16.433312
2001/1/17,0.219994,7.755763,0.309303,-0.156957,16.953504
2001/1/25,0.215051,10.677244,0.313454,1.262095,15.036999
2001/2/2,0.226008,7.865383,0.333319,0.462512,19.784381
2001/2/10,0.203822,15.419128,0.345601,3.250284,18.281248
2001/2/18,0.250402,11.027804,0.342863,3.383498,22.718838
2001/2/26,0.26937,27.074767,0.343678,4.115764,24.077695
2001/3/6,0.294441,15.510735,0.342237,6.125165,26.733928
2001/3/14,0.302911,12.317881,0.335217,7.453021,39.428351
2001/3/22,0.298618,10.117677,0.32369,8.410211,34.775395
2001/3/30,0.308632,7.549581,0.322889,7.848656,31.955345
2001/4/7,0.363012,13.467058,0.279149,18.166468,57.222505
2001/4/15,0.411232,10.449323,0.275131,12.684059,60.955502
2001/4/23,0.423261,9.401981,0.239001,17.273064,77.517546
2001/5/1,0.468517,32.564722,0.207885,19.283281,74.721574
2001/5/9,0.449633,24.219199,0.303152,18.42035,62.013954
2001/5/17,0.457272,26.651207,0.244063,22.448262,69.861268
2001/5/25,0.451033,14.377168,0.242145,18.305887,75.157807
2001/6/2,0.454314,34.971521,0.264289,21.938303,71.408292
2001/6/10,0.435916,14.414871,0.22844,25.166875,83.449177
2001/6/26,0.38245,8.804072,0.180753,25.97889,93.593674
2001/7/4,0.394015,10.130343,0.148842,28.135419,95.481467
2001/7/12,0.400462,13.65334,0.144693,29.18133,94.777667
2001/7/20,0.394207,8.189802,0.153152,30.46737,108.097039
2001/7/28,0.395024,22.337127,0.167489,29.381542,94.85604
2001/8/5,0.394342,1.166872,0.13839,29.651836,99.08662
2001/8/13,0.396678,23.505826,0.184233,26.214534,75.499936
2001/8/21,0.39972,16.117793,0.190538,26.971633,86.711783
2001/8/29,0.385108,19.3746,0.195511,24.681322,65.233508
2001/9/6,0.400136,18.00625,0.208925,23.148444,65.179005
2001/9/14,0.409458,15.757447,0.207425,22.360618,59.651616
2001/9/22,0.396552,31.430763,0.246113,20.314546,54.659262
2001/9/30,0.380665,0.605218,0.18191,19.573192,64.90389
2001/10/8,0.369456,15.060969,0.192751,16.680595,56.349851
2001/10/16,0.350016,10.501073,0.216333,13.624898,54.651256
2001/10/24,0.334348,2.664685,0.177405,15.739603,54.844634
2001/11/1,0.329549,8.195354,0.162592,17.267454,50.885534
2001/11/9,0.305631,0.510652,0.182101,13.744335,35.278312
2001/11/17,0.329934,20.342865,0.252656,12.559444,26.981563
2001/11/25,0.298714,13.068118,0.251898,6.70666,36.574411
2001/12/3,0.312046,1.25591,0.259799,7.308665,24.114133
2001/12/11,0.317099,4.914212,0.243199,5.335139,27.155877
2001/12/19,0.303712,13.045186,0.251639,5.903357,28.3154
2001/12/27,0.269958,2.358435,0.22507,0.550799,23.208131
2002/1/1,0.290208,2.983617,0.21984,-1.909699,17.678166
2002/1/9,0.285493,5.909698,0.242029,5.15718,25.627899
2002/1/17,0.272856,2.494608,0.213649,3.654505,33.878421
2002/1/25,0.280206,3.913056,0.210407,6.930031,40.833045
2002/2/2,0.216822,22.196319,0.260693,0.91872,17.737026
2002/2/10,0.271687,0.697918,0.296034,2.387067,31.685508
2002/2/18,0.277807,5.371392,0.257591,7.957764,44.292136
2002/2/26,0.259142,2.36636,0.22085,4.042755,47.393415
2002/3/6,0.264601,5.565529,0.227329,3.544357,45.456466
2002/3/14,0.257749,4.873332,0.202276,9.390507,61.063894
2002/3/22,0.235215,19.390304,0.242617,7.224457,42.620351
2002/3/30,0.290513,11.370964,0.229382,12.230949,57.855427
2002/4/7,0.31602,21.738539,0.230143,11.134854,49.451956
2002/4/15,0.361575,15.272758,0.238091,20.217576,74.967829
2002/4/23,0.381797,11.074448,0.230777,16.200272,62.863586
2002/5/1,0.401984,11.435632,0.22658,18.002528,71.265211
2002/5/9,0.412928,17.720178,0.206616,20.641097,80.114873
2002/5/17,0.397271,13.603505,0.209174,18.057132,78.726027
2002/5/25,0.400991,28.338263,0.22756,19.637571,72.621126
2002/6/2,0.393232,20.94685,0.22093,24.45407,81.707723
2002/6/10,0.401732,17.950755,0.218992,25.305761,85.333881
2002/6/18,0.401167,20.754193,0.236005,24.206107,85.311031
2002/6/26,0.387389,8.245433,0.160093,27.092659,90.809168
2002/7/4,0.417878,24.732478,0.216007,24.739075,66.593349
2002/7/12,0.407144,10.499533,0.213158,25.915652,72.203197
2002/7/20,0.389886,9.513965,0.17315,27.398514,88.802414
2002/7/28,0.399,20.836286,0.168517,28.673712,92.465846
2002/8/5,0.394165,4.058902,0.147853,28.258826,90.405047
2002/8/13,0.39311,27.861149,0.1769,26.124428,81.914698
2002/8/21,0.398985,19.427043,0.175682,27.445479,88.098105
2002/8/29,0.41238,23.114007,0.190766,25.566893,71.929573
2002/9/6,0.40811,1.686523,0.155642,26.066195,76.962371
2002/9/14,0.408099,14.755955,0.23812,21.375718,53.892855
2002/9/22,0.391898,27.56852,0.218062,19.413288,68.008731
2002/9/30,0.390151,15.450891,0.177708,21.211042,64.807466
2002/10/8,0.383356,23.635549,0.258443,16.397249,46.403295
2002/10/16,0.373215,22.246882,0.23242,12.878599,43.480604
2002/10/24,0.213052,33.697811,0.303907,9.519097,21.064991
2002/11/1,0.357799,10.37017,0.347175,5.563872,17.125042
2002/11/9,0.332479,3.500932,0.295722,10.295161,40.548415
2002/11/17,0.32256,4.227187,0.26239,8.441949,33.081513
2002/11/25,0.310075,1.074528,0.227922,5.40525,28.267657
2002/12/3,0.258859,17.059978,0.238483,3.796404,23.105972
2002/12/11,0.31373,5.597021,0.297602,3.243766,13.394299
2002/12/19,0.301974,2.294755,0.268699,6.297412,31.003922
2002/12/27,0.297539,15.406522,0.282152,0.862208,15.547458
2003/1/1,0.300173,6.545248,0.288243,4.42816,23.654679
2003/1/9,0.295966,1.856582,0.264094,4.163665,23.6127
2003/1/17,0.287465,0.866345,0.248688,2.529854,24.278935
2003/1/25,0.276153,2.431784,0.232114,0.909188,24.633937
2003/2/2,0.256091,3.815734,0.215226,6.536418,34.546722
2003/2/10,0.291565,5.539826,0.231632,1.769365,21.659236
2003/2/18,0.286933,11.558247,0.262347,6.286053,28.998655
2003/2/26,0.222258,7.144613,0.266837,-1.684967,21.137949
2003/3/6,0.287729,3.061394,0.267976,3.982152,32.800744
2003/3/14,0.313928,4.604174,0.227547,13.038179,46.909232
2003/3/22,0.334806,19.696801,0.290078,11.091455,42.670854
2003/3/30,0.345579,7.411273,0.244479,11.425244,72.46987
2003/4/7,0.362489,5.888863,0.21674,11.488224,65.220082
2003/4/15,0.398891,9.488319,0.196544,18.380186,85.997223
2003/4/23,0.417243,22.340565,0.250143,14.914219,64.861373
2003/5/1,0.434475,9.005431,0.217653,19.616187,70.718349
2003/5/9,0.442862,4.961777,0.204088,19.167951,80.53885
2003/5/17,0.446954,28.590588,0.242426,20.470908,67.562703
2003/5/25,0.432871,24.292321,0.262634,19.09051,56.059134
2003/6/2,0.450987,34.84462,0.244534,22.274764,67.522779
2003/6/10,0.454098,37.373966,0.298409,20.913979,63.177741
2003/6/18,0.449311,20.986974,0.27195,22.360453,61.810554
2003/6/26,0.454654,23.270954,0.232616,24.715541,83.790198
2003/7/4,0.425679,3.267742,0.203109,26.524489,87.412805
2003/7/12,0.403172,5.384782,0.154073,28.683829,101.937289
2003/7/20,0.382304,5.350041,0.134123,29.370626,100.622164
2003/7/28,0.383967,10.508388,0.143905,28.460393,97.331844
2003/8/5,0.380348,12.385197,0.149555,29.463079,93.788284
2003/8/13,0.376152,8.603427,0.148069,26.166103,78.381711
2003/8/21,0.360294,7.076552,0.135154,29.2799,95.30626
2003/8/29,0.370657,49.947356,0.203621,24.894139,63.592167
2003/9/6,0.401576,7.807137,0.227953,22.283358,61.37911
2003/9/14,0.40677,33.670142,0.235593,20.854998,70.21788
2003/9/22,0.402455,10.358709,0.202234,19.411626,61.708515
2003/9/30,0.380865,4.068157,0.192009,17.157187,55.962324
2003/10/8,0.391903,27.203834,0.232087,18.619303,38.215082
2003/10/16,0.371839,0.595369,0.20772,16.649308,54.53448
2003/10/24,0.356971,1.740164,0.15973,17.51273,58.58911
2003/11/1,0.293932,3.568965,0.156789,15.504906,50.073139
2003/11/9,0.327686,5.479029,0.202476,8.799327,27.048716
2003/11/17,0.33034,13.9579,0.224487,10.792018,39.01456
2003/11/25,0.306792,4.590517,0.199474,5.507502,39.002084
2003/12/3,0.29492,4.856238,0.190571,6.420952,33.574046
2003/12/11,0.210306,5.832306,0.198696,2.979268,25.368072
2003/12/19,0.250215,2.21983,0.226201,5.302557,31.592958
2003/12/27,0.278706,1.296322,0.218881,5.524882,34.124964
2004/1/1,0.266233,2.846188,0.207033,6.69658,36.879312
2004/1/9,0.27019,0.873419,0.194485,1.451263,25.452481
2004/1/17,0.273451,18.759713,0.241356,5.311962,19.621642
2004/1/25,0.217605,2.809952,0.257616,2.864689,24.759919
2004/2/2,0.191327,12.516409,0.25388,0.396794,19.554287
2004/2/10,0.220349,4.802295,0.26602,-1.27392,19.180242
2004/2/18,0.243227,3.181083,0.273202,4.893559,32.867455
2004/2/26,0.256616,17.423521,0.281636,6.879119,32.916957
2004/3/5,0.266634,36.574126,0.337656,7.718161,36.486419
2004/3/13,0.282371,7.424769,0.297484,9.949819,42.014807
2004/3/21,0.311348,0.605881,0.247395,14.420847,56.287374
2004/3/29,0.340886,8.743006,0.231757,15.314255,59.379162
2004/4/6,0.380194,25.770741,0.258989,13.450627,47.365076
2004/4/14,0.384476,6.662064,0.278687,12.550486,60.881589
2004/4/22,0.434226,29.780972,0.248114,16.522677,63.388277
2004/4/30,0.438826,10.684612,0.260551,15.14373,67.882225
2004/5/8,0.412406,8.075823,0.191738,22.271952,85.630405
2004/5/16,0.433007,17.020489,0.214081,19.625082,73.278866
2004/5/24,0.406326,8.070298,0.169351,24.528135,97.139531
2004/6/1,0.392132,14.671417,0.172327,23.029945,89.2595
2004/6/9,0.395487,29.790705,0.215326,25.005602,81.336035
2004/6/17,0.422391,42.920813,0.23475,24.363246,68.932827
2004/6/25,0.427431,35.295417,0.297405,21.191734,57.573552
2004/7/3,0.479583,41.191055,0.303979,23.723733,63.217369
2004/7/11,0.472234,16.171127,0.210032,26.999904,87.566824
2004/7/19,0.472559,20.747046,0.176675,27.561357,84.292895
2004/7/27,0.489969,30.119376,0.273228,21.481644,51.922632
2004/8/4,0.510737,14.596647,0.215006,26.171579,76.005035
2004/8/12,0.509001,26.645177,0.232838,22.263119,60.59402
2004/8/20,0.496575,25.698253,0.244024,22.753262,62.582807
2004/8/28,0.476936,13.085309,0.196464,24.625763,76.372034
2004/9/5,0.450275,5.146112,0.167759,23.010755,78.285383
2004/9/13,0.420419,4.764931,0.144179,24.398356,85.067443
2004/9/21,0.42102,17.036764,0.185505,23.183839,75.226822
2004/9/29,0.407115,28.350827,0.24977,18.222088,48.356692
2004/10/7,0.411954,40.863912,0.29124,16.91125,37.640583
2004/10/15,0.386478,5.976957,0.296652,13.87604,42.636382
2004/10/23,0.385076,17.448847,0.241746,16.966258,43.874628
2004/10/31,0.386676,14.807705,0.278254,13.672651,36.449338
2004/11/8,0.334461,2.555505,0.283129,11.074745,33.424922
2004/11/16,0.241935,49.819405,0.336944,8.435879,14.512853
2004/11/24,0.344868,21.607287,0.353818,7.219182,20.968396
2004/12/2,0.336934,7.599428,0.329853,2.794222,20.099963
2004/12/10,0.323717,7.721991,0.325524,7.155337,29.903742
2004/12/18,0.311275,0.64841,0.283372,3.820373,26.500019
2004/12/26,0.303405,3.650986,0.278755,0.537376,19.261421
2005/1/1,0.186794,15.975279,0.295138,9.138011,19.69312
2005/1/9,0.26207,14.873839,0.336761,3.183184,20.377528
2005/1/17,0.292033,0.993516,0.305388,0.615201,20.894001
2005/1/25,0.282729,8.924502,0.283183,5.674818,26.398302
2005/2/2,0.297849,3.086271,0.324248,2.984384,15.976654
2005/2/10,0.296098,16.6781,0.34401,5.205835,22.981105
2005/2/18,0.305492,3.85011,0.30756,8.623119,34.119173
2005/2/26,0.311519,8.158695,0.309907,6.136705,27.559332
2005/3/6,0.326276,5.640153,0.280516,9.360763,41.191879
2005/3/14,0.340444,1.401423,0.239412,7.912562,52.91633
2005/3/22,0.356626,10.912379,0.268089,9.368498,49.05889
2005/3/30,0.361897,15.960994,0.272834,10.308815,57.355467
2005/4/7,0.393461,10.625378,0.240112,15.781305,77.969949
2005/4/15,0.442974,8.293195,0.224937,15.205912,65.436781
2005/4/23,0.443929,8.26864,0.20067,15.588097,72.518944
2005/5/1,0.456837,11.537499,0.226458,11.282891,52.475439
2005/5/9,0.471716,10.352205,0.215383,19.805995,74.930432
2005/5/17,0.451093,19.604557,0.222858,20.57382,75.778522
2005/5/25,0.427955,23.020176,0.189391,23.395288,74.282945
2005/6/2,0.459642,37.863566,0.278883,20.668871,59.412916
2005/6/10,0.467994,39.67778,0.252572,23.894655,80.138776
2005/6/18,0.456418,17.209431,0.233919,25.217467,80.568125
2005/6/26,0.43839,4.611204,0.163937,27.715124,108.080539
2005/7/4,0.456984,37.054388,0.182934,27.060402,89.404318
2005/7/12,0.458329,8.782772,0.163928,27.276911,83.808075
2005/7/20,0.431564,4.849467,0.148556,28.956942,99.09937
2005/7/28,0.428921,13.797181,0.177641,26.227635,90.668646
2005/8/5,0.435157,11.765269,0.17097,26.806503,80.703877
2005/8/13,0.472418,50.273099,0.246493,24.199935,58.62703
2005/8/21,0.490657,29.28563,0.271378,25.600182,63.899608
2005/8/29,0.484888,14.629793,0.214781,25.638192,71.355492
2005/9/6,0.473589,9.596258,0.169552,25.245011,78.099564
2005/9/14,0.4525,19.950772,0.177165,23.780349,76.67128
2005/9/22,0.424699,4.281749,0.161346,25.783985,75.389359
2005/9/30,0.405911,13.340608,0.161304,22.047114,70.698152
2005/10/8,0.404145,14.666276,0.227757,15.820287,53.612283
2005/10/16,0.385749,8.099076,0.241853,17.941849,43.737463
2005/10/24,0.362629,5.236395,0.20925,11.935282,40.759745
2005/11/1,0.343183,14.438675,0.206333,14.786661,55.632615
2005/11/9,0.330291,1.805882,0.17495,15.395648,52.397295
2005/11/17,0.321074,2.096812,0.170817,7.4873,43.859202
2005/11/25,0.306049,4.898589,0.168355,9.273097,39.800225
2005/12/3,0.262703,0.610166,0.180714,2.301809,33.942225
2005/12/11,0.282073,4.135594,0.184443,-0.035189,24.583578
2005/12/19,0.28612,2.027906,0.198094,0.890447,18.110882
2005/12/27,0.279629,2.159479,0.203151,9.298059,40.990045
2006/1/1,0.275007,2.128463,0.183617,10.043686,46.546015
2006/1/9,0.277366,0.911732,0.168224,7.970983,44.610495
2006/1/17,0.270378,2.133315,0.170372,7.785713,50.830559
2006/1/25,0.269115,9.183424,0.185868,6.399757,33.727914
2006/2/2,0.266047,3.968838,0.194741,7.831474,45.384465
2006/2/10,0.260583,0.929308,0.173067,4.043363,45.070387
2006/2/18,0.19399,2.43557,0.163107,2.181116,40.606128
2006/2/26,0.258904,8.606891,0.182368,9.315561,46.440979
2006/3/6,0.264623,8.461736,0.168601,14.109614,64.268003
2006/3/14,0.275296,2.683455,0.167547,11.241763,72.570745
2006/3/22,0.268958,32.149311,0.288978,3.766701,26.741268
2006/3/30,0.29443,11.126499,0.267179,14.702497,64.747054
2006/4/7,0.322632,5.202184,0.20658,15.997948,82.68295
2006/4/15,0.347272,3.431763,0.1549,22.696228,105.396908
2006/4/23,0.37506,14.166331,0.169275,17.578548,74.247639
2006/5/1,0.382467,32.422866,0.237404,17.585234,63.657118
2006/5/9,0.400992,23.586979,0.281708,16.628903,59.11134
2006/5/17,0.386166,1.203037,0.185907,21.23819,83.0343
2006/5/25,0.374626,13.086245,0.148623,26.86044,108.753963
2006/6/2,0.374249,17.36621,0.204629,24.506446,82.822121
2006/6/10,0.364647,7.506188,0.149102,28.059744,103.934315
2006/6/18,0.382673,17.905027,0.167355,27.743264,113.227498
2006/6/26,0.375973,22.932753,0.19959,24.386384,81.065751
2006/7/4,0.407107,18.885041,0.172795,26.258176,87.599924
2006/7/12,0.389567,17.201386,0.194989,28.179142,89.632583
2006/7/20,0.372932,2.824454,0.13859,30.141996,102.641085
2006/7/28,0.368853,10.260326,0.146986,29.257958,105.179301
2006/8/5,0.369551,15.335674,0.174668,28.5071,92.852999
2006/8/13,0.388541,23.698319,0.182009,28.116696,84.119475
2006/8/21,0.420731,31.478617,0.244796,26.35055,66.626234
2006/8/29,0.459081,29.301125,0.255878,23.888437,63.688642
2006/9/6,0.47607,21.73421,0.268308,19.907285,49.555023
2006/9/14,0.453633,19.849825,0.244561,21.76126,68.072938
2006/9/22,0.432263,9.123439,0.221875,17.990792,70.246283
2006/9/30,0.398172,0.388785,0.165898,21.421609,73.540682
2006/10/8,0.412148,33.657903,0.179664,18.644886,57.450344
2006/10/16,0.385679,13.203059,0.267779,13.455017,38.791559
2006/10/24,0.368689,7.73022,0.253242,11.63637,43.055478
2006/11/1,0.344807,2.12619,0.23356,10.295358,47.081239
2006/11/9,0.332138,7.958923,0.221108,12.805915,39.52132
2006/11/17,0.316506,2.985407,0.203062,8.125127,39.501789
2006/11/25,0.288915,3.083206,0.181886,12.362755,38.198686
2006/12/3,0.28938,6.862031,0.213676,1.15975,24.40268
2006/12/11,0.291677,1.646666,0.221923,5.663164,29.166147
2006/12/19,0.247053,18.91758,0.244839,6.151038,23.433512
2006/12/27,0.223965,24.639852,0.299812,3.89533,18.384761
2007/1/1,0.233474,24.319184,0.329141,3.138843,15.782164
2007/1/9,0.231143,4.307968,0.300934,3.629012,25.068007
2007/1/17,0.129184,17.959139,0.310232,-4.392586,12.670647
2007/1/25,0.180986,2.746242,0.32235,-1.146533,10.802023
2007/2/2,0.217655,2.503488,0.31508,-1.662116,16.575375
2007/2/10,0.197648,9.493257,0.314795,2.800523,19.74589
2007/2/18,0.231318,0.984878,0.311334,2.259061,34.801499
2007/2/26,0.251559,4.486342,0.283818,9.440221,54.898619
2007/3/6,0.280169,1.09322,0.239597,7.955883,51.554912
2007/3/14,0.316708,14.165314,0.274494,12.655353,40.30899
2007/3/22,0.292879,22.699432,0.266777,16.909725,49.10066
2007/3/30,0.417404,48.06284,0.330929,14.76594,46.786958
2007/4/7,0.404875,4.67571,0.27827,7.44766,46.576577
2007/4/15,0.429336,24.48398,0.319872,10.339827,48.997521
2007/4/23,0.458078,14.645149,0.287221,16.472152,67.672507
2007/5/1,0.432544,24.888612,0.285443,18.146501,53.620969
2007/5/9,0.520285,49.035375,0.305473,19.051102,53.864876
2007/5/17,0.497817,9.167494,0.260354,18.978223,67.39053
2007/5/25,0.46352,39.916202,0.281137,19.749842,58.942301
2007/6/2,0.490779,38.034784,0.293829,20.845347,61.147814
2007/6/10,0.4809,20.712512,0.237652,23.643947,84.318557
2007/6/18,0.470746,38.720651,0.279295,23.224128,61.033753
2007/6/26,0.380918,48.062237,0.257891,23.831288,61.043458
2007/7/4,0.484587,16.724143,0.253025,24.272471,62.163467
2007/7/12,0.495068,33.344166,0.234269,25.709276,70.419635
2007/7/20,0.482506,7.171872,0.194348,26.785074,83.374468
2007/7/28,0.468462,17.279238,0.186327,26.065061,71.129192
2007/8/5,0.483317,22.330042,0.229335,27.212138,79.253533
2007/8/13,0.466816,5.205083,0.150257,29.75033,94.937331
2007/8/21,0.472143,33.865567,0.196217,27.319629,81.298557
2007/8/29,0.456499,8.558675,0.200074,25.535095,71.779727
2007/9/6,0.458394,24.646843,0.184669,24.844173,67.892194
2007/9/14,0.456928,7.842199,0.222239,21.170143,64.062587
2007/9/22,0.438543,16.222838,0.187921,24.001665,70.521513
2007/9/30,0.4151,17.60551,0.178656,22.177343,70.454547
2007/10/8,0.402864,6.618849,0.176277,21.703063,66.110422
2007/10/16,0.382416,17.829866,0.204692,17.862916,62.121711
2007/10/24,0.362572,8.228642,0.204168,13.942542,61.018256
2007/11/1,0.334816,0.09814,0.173808,13.266754,48.070889
2007/11/9,0.322002,0.672977,0.155708,13.887525,46.564385
2007/11/17,0.311523,0.354663,0.14732,13.678005,50.837367
2007/11/25,0.311853,12.89323,0.173479,3.443018,27.645166
2007/12/3,0.29594,9.252244,0.215719,7.640948,33.078106
2007/12/11,0.21091,15.968716,0.268509,1.893877,13.402185
2007/12/19,0.23221,2.399258,0.290576,2.414833,21.035645
2007/12/27,0.183484,2.541091,0.277098,-0.49015,17.589083
2008/1/1,0.21275,2.684181,0.267902,-0.896332,22.364662
2008/1/9,0.25141,4.063665,0.268308,7.232084,34.573442
2008/1/17,0.228778,0.516459,0.242391,0.332102,25.383937
2008/1/25,0.2473,4.885856,0.237165,2.295046,30.760473
2008/2/2,0.242463,5.000316,0.225343,5.384368,43.325481
2008/2/10,0.251558,2.135558,0.238503,4.029363,36.208408
2008/2/18,0.25677,15.933968,0.276697,4.112017,34.017938
2008/2/26,0.256633,2.108752,0.252997,6.654618,43.498699
2008/3/5,0.258848,13.890583,0.243546,5.776108,46.786481
2008/3/13,0.271447,6.477518,0.232307,10.244447,51.062155
2008/3/21,0.275137,21.694674,0.26675,10.044252,55.599471
2008/3/29,0.305223,3.052546,0.218758,13.371962,59.39156
2008/4/6,0.326172,17.049141,0.22316,12.600096,59.992886
2008/4/14,0.334433,15.710867,0.267282,12.179281,75.610533
2008/4/22,0.371675,14.799672,0.236956,17.552538,74.774606
2008/4/30,0.380954,5.032168,0.215152,15.796834,93.066461
2008/5/8,0.407874,36.021378,0.243423,18.013623,70.698081
2008/5/16,0.410365,5.739691,0.229288,18.884976,79.286522
2008/5/24,0.428539,31.838395,0.194855,24.009845,93.90879
2008/6/1,0.417093,13.083363,0.210604,25.617603,96.673263
2008/6/9,0.40499,21.998324,0.201853,25.742871,112.372499
2008/6/17,0.409462,31.381197,0.20766,25.53849,81.349436
2008/6/25,0.408722,23.310927,0.197416,26.839442,94.443902
2008/7/3,0.414953,13.01767,0.175089,26.003988,88.91535
2008/7/11,0.435454,23.783348,0.206336,25.606464,81.07317
2008/7/19,0.422409,13.396629,0.189939,27.487934,89.86567
2008/7/27,0.421141,16.310989,0.158193,28.82126,93.375976
2008/8/4,0.420613,12.415241,0.156789,29.381818,93.340231
2008/8/12,0.446902,40.324551,0.231676,25.025836,64.043214
2008/8/20,0.478261,33.355561,0.303685,21.942744,49.943273
2008/8/28,0.495618,12.225385,0.213359,24.951106,68.085495
2008/9/5,0.430379,23.766418,0.212634,21.317099,63.005585
2008/9/13,0.479611,30.045224,0.292117,19.414329,46.829231
2008/9/21,0.448953,2.511251,0.212619,20.839331,62.935338
2008/9/29,0.419627,1.548584,0.162593,21.026078,61.270089
2008/10/7,0.407456,35.71222,0.207922,19.36198,69.714862
2008/10/15,0.408082,21.019323,0.301798,15.129023,38.599911
2008/10/23,0.36772,14.444069,0.286161,13.030956,45.422581
2008/10/31,0.334478,0.130754,0.231391,13.866898,45.327903
2008/11/8,0.326302,9.46572,0.213281,11.826063,49.558953
2008/11/16,0.313637,3.723791,0.231795,9.254004,39.243786
2008/11/24,0.30346,2.099548,0.199509,6.941201,33.73067
2008/12/2,0.289995,2.891768,0.205034,4.456012,35.265981
2008/12/10,0.283607,5.942419,0.207593,5.298479,33.840498
2008/12/18,0.249827,4.276123,0.21603,1.213584,29.644694
2008/12/26,0.270693,3.765145,0.221402,3.851847,31.739158
2009/1/1,0.264418,0.546163,0.216893,5.406785,35.799766
2009/1/9,0.256933,3.895672,0.200286,4.090082,34.387261
2009/1/17,0.257191,0.233896,0.189295,4.028688,39.511212
2009/1/25,0.254079,3.579213,0.184758,2.311362,31.710867
2009/2/2,0.251442,0.081551,0.203858,4.900643,39.903889
2009/2/10,0.257986,12.53066,0.231647,10.892802,51.638871
2009/2/18,0.251464,1.53701,0.219737,5.684363,46.616794
2009/2/26,0.251863,1.431596,0.182202,8.565635,53.294927
2009/3/6,0.257539,8.760895,0.166131,14.319287,73.478435
2009/3/14,0.270326,11.54236,0.208044,7.951665,44.547604
2009/3/22,0.279082,6.80599,0.188863,15.106911,70.31038
2009/3/30,0.290413,18.096933,0.242034,7.336399,55.523324
2009/4/7,0.294023,3.964527,0.222914,11.093017,82.349656
2009/4/15,0.325,39.392871,0.289781,12.775115,55.402873
2009/4/23,0.329954,7.652331,0.25377,18.451838,77.662439
2009/5/1,0.373952,41.109478,0.287295,15.787429,42.930496
2009/5/9,0.424232,15.51648,0.268451,18.248427,55.569211
2009/5/17,0.442817,16.705684,0.243991,20.219623,86.046459
2009/5/25,0.438321,16.66102,0.215753,20.410816,67.163785
2009/6/2,0.452373,20.510408,0.210354,22.438025,79.214593
2009/6/10,0.447791,21.223068,0.210412,24.323542,85.187659
2009/6/18,0.441577,34.725278,0.234834,26.282107,87.417739
2009/6/26,0.433918,4.037431,0.184264,28.370936,90.443106
2009/7/4,0.439704,20.054692,0.183329,26.294221,80.818531
2009/7/12,0.436041,10.895891,0.156764,30.354015,112.317773
2009/7/20,0.443501,29.334641,0.179495,26.144585,81.830486
2009/7/28,0.4828,41.319452,0.230978,24.913714,66.397269
2009/8/5,0.468353,14.620116,0.214854,27.484972,92.668968
2009/8/13,0.474615,14.346882,0.15976,27.475844,90.856977
2009/8/21,0.463251,25.779992,0.196499,25.720702,81.359142
2009/8/29,0.454013,15.673187,0.186623,23.646716,69.440863
2009/9/6,0.424865,26.566295,0.191812,23.856042,62.393146
2009/9/14,0.417572,38.178738,0.264854,20.30564,39.531103
2009/9/22,0.424935,6.752223,0.24671,17.591952,49.07859
2009/9/30,0.413572,0.758086,0.203029,18.901144,72.238229
2009/10/8,0.279214,26.488719,0.248554,12.644706,37.214434
2009/10/16,0.367345,8.011749,0.278137,13.548132,34.677019
2009/10/24,0.345051,35.748775,0.306827,11.501868,38.012146
2009/11/1,0.331575,20.26126,0.312285,10.754723,34.096035
2009/11/9,0.294859,3.770424,0.259746,14.614295,35.403758
2009/11/17,0.326138,9.17448,0.259452,8.974657,31.433594
2009/11/25,0.318872,1.232417,0.251272,8.290269,32.413975
2009/12/3,0.29771,11.015686,0.257562,2.073058,24.978781
2009/12/11,0.256416,2.949548,0.264624,-0.792589,18.240103
2009/12/19,0.262595,3.283006,0.256518,3.277738,20.119359
2009/12/27,0.218464,11.721082,0.27549,-1.306146,13.985157
2010/1/1,0.227526,4.797316,0.28851,-1.469283,11.832662
2010/1/9,0.237212,0.241007,0.283117,-3.193293,18.42267
2010/1/17,0.258887,3.382571,0.275966,5.691797,18.476634
2010/1/25,0.255792,16.366821,0.264475,5.468019,31.810136
2010/2/2,0.187,21.15206,0.30982,-1.087577,9.898471
2010/2/10,0.229451,9.868514,0.337597,-0.300859,13.633383
2010/2/18,0.216381,5.93281,0.329527,2.197497,26.006343
2010/2/26,0.256321,12.526479,0.327906,2.051093,27.166414
2010/3/6,0.247711,14.178705,0.319164,8.657324,35.820308
2010/3/14,0.285141,6.611309,0.317969,7.303496,37.96838
2010/3/22,0.291597,13.909234,0.307505,7.182505,43.031705
2010/3/30,0.310003,9.843852,0.27885,14.385298,81.436284
2010/4/7,0.347625,1.594018,0.214631,15.147776,82.571314
2010/4/15,0.37239,31.34095,0.239141,16.275533,55.728854
2010/4/23,0.443133,19.365473,0.29741,14.68187,59.29121
2010/5/1,0.447171,4.671213,0.228816,16.331779,84.966002
2010/5/9,0.403801,5.826289,0.185433,18.28362,88.555827
2010/5/17,0.478715,51.370181,0.294959,16.937908,49.07144
2010/5/25,0.491402,11.550591,0.263247,23.054155,77.048622
2010/6/2,0.461382,9.33019,0.198091,25.408073,87.646682
2010/6/10,0.460821,30.389947,0.180812,27.106842,89.566429
2010/6/18,0.452295,26.166451,0.224449,26.896069,94.417732
2010/6/26,0.439904,17.685766,0.172685,27.753077,93.186409
2010/7/4,0.482751,28.324674,0.247458,24.702693,64.417786
2010/7/12,0.495404,25.609488,0.286001,25.873091,65.856547
2010/7/20,0.499968,15.789421,0.192295,28.994278,95.888662
2010/7/28,0.4762,18.765311,0.193992,27.17526,78.587442
2010/8/5,0.479247,17.345282,0.158278,29.520238,92.579946
2010/8/13,0.456433,9.932004,0.145683,29.616951,91.183417
2010/8/21,0.45022,23.658116,0.179797,27.928523,82.09274
2010/8/29,0.42984,4.881725,0.172799,25.574528,91.416002
2010/9/6,0.437065,25.115413,0.189109,23.93826,81.407688
2010/9/14,0.427171,23.865543,0.199538,25.35216,70.188492
2010/9/22,0.427971,16.832477,0.205827,24.152382,65.811299
2010/9/30,0.403271,1.032943,0.196807,19.333782,60.552889
2010/10/8,0.378795,4.373993,0.158691,19.013477,64.142405
2010/10/16,0.364095,1.612715,0.16139,17.81682,56.614114
2010/10/24,0.356935,28.39236,0.213658,16.8308,56.40362
2010/11/1,0.339496,3.282733,0.175101,13.216955,56.351178
2010/11/9,0.325113,9.210736,0.165909,12.810748,51.406873
2010/11/17,0.316052,3.938067,0.244365,7.500351,34.168562
2010/11/25,0.306219,7.793711,0.208658,8.400792,43.746578
2010/12/3,0.297766,0.742101,0.19145,5.037292,35.605824
2010/12/11,0.289433,2.209552,0.183438,4.759595,32.071137
2010/12/19,0.282988,4.656833,0.182212,5.660769,29.523597
2010/12/27,0.274487,6.567227,0.2131,3.55489,23.993723
2011/1/1,0.272949,4.546937,0.215963,2.193103,28.083276
2011/1/9,0.215432,4.328536,0.209813,0.332045,23.242344
2011/1/17,0.23858,4.747074,0.224752,2.123875,20.184892
2011/1/25,0.260532,0.700153,0.223312,2.78078,28.756596
2011/2/2,0.179843,9.666843,0.215841,-2.753367,23.253211
2011/2/10,0.246913,4.723151,0.260735,-2.081694,21.494155
2011/2/18,0.259015,2.54338,0.252799,12.156736,47.789251
2011/2/26,0.267243,3.002586,0.222862,7.705062,45.735034
2011/3/6,0.267725,8.968406,0.211748,8.702143,50.035561
2011/3/14,0.275733,2.229474,0.213308,11.920662,57.37779
2011/3/22,0.292385,4.682259,0.185587,16.010261,74.918889
2011/3/30,0.302776,1.515686,0.191243,10.604408,49.264634
2011/4/7,0.318312,6.922634,0.166782,18.823082,100.866046
2011/4/15,0.331404,7.62105,0.172412,16.520809,92.243839
2011/4/23,0.349502,16.146282,0.199263,16.51826,65.204731
2011/5/1,0.349712,8.846616,0.227,14.210116,80.724454
2011/5/9,0.356253,13.654443,0.178151,22.403912,99.886198
2011/5/17,0.375476,17.909356,0.189599,17.372112,79.08986
2011/5/25,0.378291,16.857149,0.228034,22.020097,87.929521
2011/6/2,0.365485,17.569853,0.184271,27.143706,118.190221
2011/6/10,0.358661,5.662853,0.153495,27.947057,118.995496
2011/6/18,0.34966,15.264959,0.157646,28.358565,121.392312
2011/6/26,0.341599,9.371557,0.151957,29.167353,113.636268
2011/7/4,0.342749,8.379199,0.133413,30.345853,110.038017
2011/7/12,0.345525,13.18636,0.142666,30.830798,108.09031
2011/7/20,0.332528,4.138964,0.130957,31.717295,111.686758
2011/7/28,0.334776,11.351041,0.140173,31.197887,102.037136
2011/8/5,0.346067,17.913039,0.149405,31.596275,102.950831
2011/8/13,0.360206,20.992685,0.176873,28.378565,85.977089
2011/8/21,0.357929,6.241168,0.145322,30.324375,95.578923
2011/8/29,0.344004,7.551954,0.136696,30.634279,100.490493
2011/9/6,0.330685,1.672198,0.142833,23.370719,86.649113
2011/9/14,0.335272,14.817482,0.168524,22.116556,69.995445
2011/9/22,0.327068,17.024836,0.209001,20.76858,67.357953
2011/9/30,0.310188,0.565208,0.147911,21.721397,76.189713
2011/10/8,0.323143,38.420983,0.202799,19.556769,69.779172
2011/10/16,0.314695,1.88208,0.230072,16.271734,61.294247
2011/10/24,0.317526,8.965794,0.194209,15.102473,51.28461
2011/11/1,0.307781,3.119561,0.21928,10.260314,46.071748
2011/11/9,0.306835,20.322922,0.260526,10.211323,44.174448
2011/11/17,0.304007,5.075799,0.228012,10.947595,47.516929
2011/11/25,0.305302,13.721138,0.258079,8.163206,33.199468
2011/12/3,0.247491,19.480587,0.265927,2.288252,23.0722
2011/12/11,0.29015,7.697204,0.290155,2.42088,12.463955
2011/12/19,0.214295,10.709333,0.318592,3.34353,17.395764
2011/12/27,0.2627,0.801735,0.31468,1.51404,15.844582
2012/1/1,0.273524,1.182048,0.3091,5.477566,29.116471
2012/1/9,0.282602,6.712269,0.281949,4.511517,27.251193
2012/1/17,0.282297,1.202836,0.261194,5.215629,35.049418
2012/1/25,0.288077,13.228042,0.255444,6.040447,36.744077
2012/2/2,0.279641,10.286214,0.261252,7.273027,31.310551
2012/2/10,0.276103,5.568798,0.283391,0.499676,23.243398
2012/2/18,0.293385,7.549503,0.304361,5.478405,28.830615
2012/2/26,0.297718,1.282996,0.256056,9.400538,57.23202
2012/3/5,0.302505,7.684064,0.2197,10.794195,64.155715
2012/3/13,0.328636,8.016231,0.256001,13.169035,49.893943
2012/3/21,0.38685,30.70575,0.269286,14.061447,51.546712
2012/3/29,0.412942,2.414422,0.233111,19.812114,66.384569
2012/4/6,0.442749,15.363816,0.254249,15.61698,56.777023
2012/4/14,0.448688,20.239703,0.265156,16.742304,65.2025
2012/4/22,0.443709,3.994132,0.21161,18.464641,79.942444
2012/4/30,0.433825,19.832437,0.208106,22.029813,81.299097
2012/5/8,0.427131,17.635814,0.195107,20.607724,75.569289
2012/5/16,0.389766,8.913196,0.212777,20.13363,78.672771
2012/5/24,0.37439,7.01664,0.163194,24.698279,107.230906
2012/6/1,0.372793,22.140678,0.1748,24.305914,88.345251
2012/6/9,0.378251,16.673189,0.194417,24.878468,88.178843
2012/6/17,0.380852,27.180028,0.198319,26.896941,99.310893
2012/6/25,0.365454,4.629049,0.149934,29.963457,113.55238
2012/7/3,0.357024,5.136229,0.132263,30.182803,118.066905
2012/7/11,0.362405,15.132161,0.176545,27.307846,80.100932
2012/7/19,0.347981,2.860874,0.136963,30.195349,106.508881
2012/7/27,0.335613,9.49744,0.134589,30.77639,110.391532
2012/8/4,0.330899,9.788149,0.135642,31.140509,106.404619
2012/8/12,0.337354,9.978477,0.137811,28.25148,96.361953
2012/8/20,0.348769,14.792033,0.171758,24.859981,79.441357
2012/8/28,0.349089,19.683668,0.20244,25.92903,75.960476
2012/9/5,0.344903,6.637041,0.146311,27.869318,87.461503
2012/9/13,0.355821,13.529009,0.184984,20.958372,70.334103
2012/9/21,0.345868,2.638814,0.172627,21.903332,75.43274
2012/9/29,0.361609,40.859848,0.226378,20.012267,51.959842
2012/10/7,0.349878,1.81266,0.211045,12.807358,47.551769
2012/10/15,0.340468,17.957132,0.221342,18.009021,59.766105
2012/10/23,0.330117,2.93172,0.180392,17.258692,60.126845
2012/10/31,0.317681,0.476368,0.170744,12.664362,44.072137
2012/11/8,0.309018,6.288681,0.154652,14.907887,56.2274
2012/11/16,0.303078,2.23904,0.174632,8.829861,38.023779
2012/11/24,0.293782,1.048189,0.156517,10.545523,43.399767
2012/12/2,0.285315,1.515717,0.14575,12.041612,40.754126
2012/12/10,0.29227,0.805114,0.143815,5.42313,32.807424
2012/12/18,0.277761,7.452333,0.190809,6.998382,37.411727
2012/12/26,0.215515,4.729225,0.191434,-0.069964,23.149368
2013/1/1,0.209608,7.077131,0.212232,-1.567664,15.52381
2013/1/9,0.261298,16.450798,0.259787,3.939615,21.349116
2013/1/17,0.263611,0.27928,0.257027,1.2549,24.962546
2013/1/25,0.262098,2.258976,0.220404,6.98201,27.981122
2013/2/2,0.261676,4.807192,0.220114,6.159426,37.355531
2013/2/10,0.27307,8.522162,0.223893,6.79682,38.082431
2013/2/18,0.263721,12.186726,0.24337,4.820976,38.563849
2013/2/26,0.234642,13.088388,0.277079,0.259993,22.777606
2013/3/6,0.263092,7.012971,0.283877,8.374225,47.498641
2013/3/14,0.280334,5.530962,0.256977,10.093403,53.776909
2013/3/22,0.286365,4.84857,0.219104,6.823823,48.229997
2013/3/30,0.308648,11.61525,0.23362,11.458588,49.895328
2013/4/7,0.33192,22.133922,0.250346,12.207943,56.844638
2013/4/15,0.332978,9.541411,0.24074,12.09264,64.110332
2013/4/23,0.342549,6.192238,0.244676,10.953255,64.129851
2013/5/1,0.355515,5.666476,0.22227,15.365487,72.830485
2013/5/9,0.374426,16.843146,0.226534,16.425886,64.171419
2013/5/17,0.386391,15.033941,0.195084,23.506503,89.878935
2013/5/25,0.372546,18.386584,0.207218,22.598001,82.098464
2013/6/2,0.383755,33.656579,0.205961,23.469861,90.249877
2013/6/10,0.376151,17.136825,0.215562,24.981534,91.684799
2013/6/18,0.385474,30.66219,0.208001,26.250849,87.404746
2013/6/26,0.380457,9.300973,0.155426,29.651678,116.505411
2013/7/4,0.375136,7.081964,0.137437,25.960386,102.804257
2013/7/12,0.365537,18.990415,0.147602,28.983942,99.141899
2013/7/20,0.417153,29.009373,0.234656,25.563921,73.351994
2013/7/28,0.451041,42.00186,0.224728,25.569162,73.106518
2013/8/5,0.458778,43.461255,0.205501,28.139262,84.19568
2013/8/13,0.503108,26.27154,0.258337,24.241363,61.420908
2013/8/21,0.468843,2.79726,0.202283,26.074128,82.139956
2013/8/29,0.427366,2.890786,0.145221,28.343965,88.35281
2013/9/6,0.408699,1.865769,0.132962,27.659111,87.463082
2013/9/14,0.426127,23.519715,0.200093,23.904015,62.261331
2013/9/22,0.41094,29.594206,0.232007,21.392026,68.965066
2013/9/30,0.402634,14.257509,0.212123,21.811084,73.804852
2013/10/8,0.392947,10.41986,0.184856,18.379923,77.89614
2013/10/16,0.386427,12.229055,0.232587,13.069409,42.958273
2013/10/24,0.372237,8.184186,0.219623,12.644839,43.955836
2013/11/1,0.355972,17.9992,0.235075,13.869294,46.730346
2013/11/9,0.342366,1.355152,0.24141,9.852587,34.850369
2013/11/17,0.314483,2.148005,0.204498,11.103435,46.449799
2013/11/25,0.310604,21.86235,0.227314,1.067992,22.048118
2013/12/3,0.250614,7.536389,0.241874,4.490765,25.963425
2013/12/11,0.287436,1.74466,0.239993,-2.575347,19.157246
2013/12/19,0.239276,14.206191,0.246573,4.693089,24.146366
2013/12/27,0.264349,0.193184,0.260374,0.906276,19.869011
2014/1/1,0.248278,0.664934,0.248811,1.955523,26.727131
2014/1/9,0.262034,3.223964,0.237782,1.22488,28.243774
2014/1/17,0.261848,1.100884,0.217573,6.175216,44.700994
2014/1/25,0.257653,0.553815,0.194988,1.008989,36.585154
2014/2/2,0.150353,12.750329,0.205825,-0.766644,25.497919
2014/2/10,0.240315,1.850271,0.237685,-4.090748,15.712036
2014/2/18,0.255626,3.679893,0.246648,9.733017,51.579648
2014/2/26,0.251513,1.660957,0.208117,5.198332,41.055649
2014/3/6,0.254769,9.958438,0.232856,2.713194,35.64118
2014/3/14,0.260661,5.21866,0.211993,10.219281,61.580194
2014/3/22,0.271951,1.489969,0.190381,9.111471,64.775985
2014/3/30,0.285861,6.412331,0.183919,13.974225,75.093219
2014/4/7,0.302142,7.795395,0.193308,12.948503,69.47644
2014/4/15,0.320582,8.900482,0.177279,13.899482,76.747318
2014/4/23,0.329483,12.869361,0.195495,19.112366,85.22618
2014/5/1,0.331232,3.511107,0.174644,16.078531,95.33356
2014/5/9,0.34771,14.59963,0.162618,22.190369,101.353416
2014/5/17,0.345788,6.646084,0.181739,17.843752,89.417226
2014/5/25,0.349912,45.549916,0.244339,21.619533,61.87331
2014/6/2,0.380787,14.470906,0.212591,25.099814,82.286345
2014/6/10,0.421997,56.630462,0.279308,21.842204,69.981106
2014/6/18,0.424807,14.228741,0.211038,26.252701,100.823743
2014/6/26,0.459867,43.713103,0.213573,25.542847,78.870656
2014/7/4,0.450597,16.338318,0.195074,26.186609,90.077694
2014/7/12,0.455168,15.985456,0.163967,26.931005,92.519606
2014/7/20,0.458262,26.351741,0.22355,24.537186,68.474046
2014/7/28,0.462397,26.045008,0.181736,26.515265,81.601138
2014/8/5,0.458555,9.174067,0.19192,25.776015,76.876801
2014/8/13,0.44846,12.761004,0.182348,26.556271,80.418396
2014/8/21,0.425848,11.746282,0.151474,28.534605,97.419723
2014/8/29,0.428939,23.330063,0.173809,26.917183,82.011271
2014/9/6,0.433226,14.099572,0.206463,24.350307,74.013869
2014/9/14,0.40973,14.612198,0.238349,19.060107,49.735804
2014/9/22,0.43251,25.860946,0.229149,22.157057,54.937867
2014/9/30,0.410799,10.63028,0.199882,20.730626,63.451564
2014/10/8,0.408799,13.409714,0.198162,18.578623,54.327572
2014/10/16,0.383553,12.763464,0.245212,15.77816,54.627067
2014/10/24,0.382497,9.073615,0.201776,19.439859,48.814391
2014/11/1,0.371669,18.41841,0.177377,13.373079,52.034884
2014/11/9,0.349277,6.739358,0.219898,9.246311,45.889549
2014/11/17,0.317012,2.745047,0.191321,-0.25286,25.722723
2014/11/25,0.292754,9.180475,0.233305,7.395819,32.552943
2014/12/3,0.285606,9.134921,0.213761,7.015841,30.243604
2014/12/11,0.267175,1.884076,0.227242,8.988267,16.32851
2014/12/19,0.272729,4.403678,0.260882,4.720262,21.48389
2014/12/27,0.245242,5.06956,0.253532,1.246675,26.112515
2015/1/1,0.206477,12.500117,0.256683,-3.704862,14.261567
2015/1/9,0.262392,0.806817,0.280737,-1.629541,19.54655
2015/1/17,0.265808,1.599865,0.264713,4.330425,27.617657
2015/1/25,0.264401,6.85363,0.270686,5.973642,29.113495
2015/2/2,0.267168,10.214871,0.28415,3.701304,28.65175
2015/2/10,0.272831,0.737385,0.24535,9.432427,40.23518
2015/2/18,0.270022,4.397724,0.227159,4.852138,34.519756
2015/2/26,0.166354,11.189534,0.255623,-3.363707,20.576553
2015/3/6,0.272656,13.206384,0.292927,3.544963,26.61428
2015/3/14,0.281003,3.1343,0.242985,12.915397,51.592079
2015/3/22,0.315089,11.26735,0.241775,13.051285,43.890414
2015/3/30,0.341536,5.1297,0.201819,16.058883,69.83059
2015/4/7,0.359081,6.031715,0.183436,16.213587,75.585839
2015/4/15,0.416939,37.326171,0.241122,15.821333,56.336306
2015/4/23,0.436237,19.046053,0.255694,15.499423,62.146206
2015/5/1,0.456656,24.077539,0.256847,16.77606,65.812328
2015/5/9,0.468566,64.759776,0.334061,17.149798,55.079702
2015/5/17,0.482991,69.93788,0.345043,17.69079,53.332071
2015/5/25,0.489559,70.501652,0.36384,17.386728,44.554913
2015/6/2,0.490815,24.832347,0.308489,21.485503,66.118235
2015/6/10,0.487526,24.359478,0.230651,24.915646,78.311305
2015/6/18,0.492352,27.638876,0.293639,24.11603,63.550008
2015/6/26,0.48491,10.440981,0.200428,26.350921,88.778498
2015/7/4,0.492705,35.383299,0.181933,26.46895,83.200533
2015/7/12,0.49296,24.749683,0.251786,26.015361,79.202455
2015/7/20,0.507179,24.302417,0.20069,27.888247,87.290651
2015/7/28,0.503271,18.395717,0.178634,28.686754,89.658369
2015/8/5,0.503195,18.66203,0.19108,28.002841,83.93384
2015/8/13,0.490939,11.959333,0.174462,27.49121,82.264878
2015/8/21,0.48672,24.612014,0.193732,24.171452,78.028011
2015/8/29,0.459728,6.717681,0.161067,26.275791,81.02989
2015/9/6,0.439219,12.428638,0.140439,27.831471,88.753095
2015/9/14,0.419971,11.072466,0.167059,24.989367,89.350497
2015/9/22,0.404996,13.513681,0.17835,23.261241,64.593992
2015/9/30,0.38295,6.362136,0.174681,20.642151,57.124034
2015/10/8,0.36755,11.326728,0.203492,18.523872,45.594519
2015/10/16,0.363202,0.765078,0.161459,19.521505,73.185137
2015/10/24,0.369135,54.929131,0.259333,15.950937,43.393645
2015/11/1,0.357951,14.206626,0.286939,13.951781,36.098828
2015/11/9,0.350113,2.72552,0.252043,11.847541,42.379278
2015/11/17,0.325606,20.872438,0.269906,10.037301,34.665401
2015/11/25,0.297647,37.229522,0.297725,5.775097,25.29077
2015/12/3,0.317963,6.441873,0.331155,4.074961,19.457439
2015/12/11,0.292276,20.290778,0.299304,9.690311,28.424012
2015/12/19,0.305778,4.244589,0.309628,4.815231,27.609562
2015/12/27,0.236009,25.078343,0.305746,2.215854,20.630062
2016/1/1,0.272707,3.979067,0.317388,-1.866467,11.500396
2016/1/9,0.288049,4.015806,0.335964,1.37482,15.901096
2016/1/17,0.265301,2.592492,0.311949,2.422304,23.12749
2016/1/25,0.282427,2.314345,0.289434,3.834889,27.574732
2016/2/2,0.251055,2.630136,0.267359,5.211977,37.609625
2016/2/10,0.275753,0.790166,0.255353,5.713501,38.623799
2016/2/18,0.288188,7.938392,0.22459,12.878333,55.593376
2016/2/26,0.300622,6.369996,0.237293,8.723326,51.040905
2016/3/5,0.316911,10.715749,0.201405,13.714174,61.585374
2016/3/13,0.337491,12.116885,0.227853,13.725104,54.677526
2016/3/21,0.342695,4.364862,0.204085,10.155823,68.183736
2016/3/29,0.35596,9.905993,0.207377,12.051455,65.11933
2016/4/6,0.377539,8.194211,0.177643,15.651044,83.417563
2016/4/14,0.408426,42.747279,0.22335,15.405793,57.345825
2016/4/22,0.429622,18.869696,0.306459,16.049308,59.123885
2016/4/30,0.45048,26.494015,0.291494,13.936013,58.588268
2016/5/8,0.46495,9.592628,0.238253,19.851861,82.315256
2016/5/16,0.408794,32.491535,0.272996,15.397041,52.36354
2016/5/24,0.472264,31.715371,0.28262,21.419048,66.029199
2016/6/1,0.469044,40.356073,0.293765,20.883172,58.15692
2016/6/9,0.469733,16.696469,0.216285,24.910863,85.404588
2016/6/17,0.454013,17.393767,0.19488,27.804395,86.355131
2016/6/25,0.47098,17.596052,0.17085,27.981012,92.20681
2016/7/3,0.473726,33.942789,0.210314,27.387544,84.106114
2016/7/11,0.471778,16.231922,0.177933,29.525519,105.747701
2016/7/19,0.45679,10.971363,0.171247,29.310299,103.677508
2016/7/27,0.46179,21.764527,0.172034,28.589409,83.480889
2016/8/4,0.465329,22.325164,0.174302,28.888028,93.320516
2016/8/12,0.462064,18.320717,0.188654,27.171285,79.853655
2016/8/20,0.470583,17.516284,0.196618,24.465497,72.240933
2016/8/28,0.476507,37.431637,0.26008,23.858266,53.591946
2016/9/5,0.485612,18.81396,0.254939,24.791298,69.347285
2016/9/13,0.485612,32.479354,0.232726,22.685685,62.83982
2016/9/21,0.462345,12.666798,0.228037,24.779796,67.09916
2016/9/29,0.436747,18.037307,0.224626,18.875641,55.515137
2016/10/7,0.422828,15.401722,0.205706,18.789528,61.523353
2016/10/15,0.395078,9.019553,0.207232,19.86619,64.100742
2016/10/23,0.379282,7.723087,0.17786,17.643678,52.379285
2016/10/31,0.366901,13.810962,0.169023,19.732291,53.091939
2016/11/8,0.380085,11.742912,0.245839,13.701989,29.670703
2016/11/16,0.357058,1.175049,0.213207,12.166966,44.726252
2016/11/24,0.335411,11.210118,0.197543,9.91779,35.961037
2016/12/2,0.290387,9.27162,0.21702,6.305799,31.960008
2016/12/10,0.289384,3.193004,0.232481,1.577436,24.320462
2016/12/18,0.293213,5.871275,0.212346,0.027546,25.884558
2016/12/26,0.289705,1.642888,0.242326,6.817771,28.322998
2017/1/1,0.271028,5.117156,0.231166,5.269137,31.525865
2017/1/9,0.255686,9.623397,0.22833,1.87763,31.298205
2017/1/17,0.26997,23.140582,0.314435,3.79952,16.055212
2017/1/25,0.265501,0.777629,0.302409,4.70415,34.244496
2017/2/2,0.261015,0.443722,0.253263,5.733861,34.85288
2017/2/10,0.271215,4.864379,0.21645,11.234289,50.968991
2017/2/18,0.2848,19.100714,0.262992,10.486925,41.289069
2017/2/26,0.287692,3.589993,0.218135,10.034886,55.495393
2017/3/6,0.296373,2.341363,0.190116,12.476364,65.917743
2017/3/14,0.30553,4.174588,0.183076,10.607177,48.784613
2017/3/22,0.31801,2.63421,0.167035,17.928695,74.78151
2017/3/30,0.361578,52.625397,0.283076,12.12469,42.966856
2017/4/7,0.369685,9.326646,0.294889,14.558534,68.57667
2017/4/15,0.38967,21.210841,0.267125,18.013578,57.450792
2017/4/23,0.44171,13.606637,0.257156,16.299186,72.105448
2017/5/1,0.430463,38.243327,0.306697,12.530056,57.336289
2017/5/9,0.446181,21.131815,0.270264,19.116573,70.019063
2017/5/17,0.458125,35.231759,0.268048,20.24936,82.060708
2017/5/25,0.442088,15.333261,0.272781,19.202115,74.306542
2017/6/2,0.454371,23.809249,0.23982,21.736957,64.05466
2017/6/10,0.439062,11.614915,0.207587,25.689034,94.192609
2017/6/18,0.430173,15.274385,0.178971,27.437539,92.865856
2017/6/26,0.435001,19.057631,0.202906,25.290696,84.487492
2017/7/4,0.454041,33.082623,0.221001,26.351325,77.183958
2017/7/12,0.465626,12.943222,0.172968,28.117947,88.813878
2017/7/20,0.441788,6.515606,0.157445,29.313445,97.073954
2017/7/28,0.473771,24.807061,0.168769,27.827161,82.070535
2017/8/5,0.486952,24.94297,0.237361,23.878327,62.421858
2017/8/13,0.519747,51.577318,0.288935,24.456035,56.913874
2017/8/21,0.51663,18.94597,0.248828,25.522353,69.333819
2017/8/29,0.512509,4.980018,0.212815,23.263105,63.594994
2017/9/6,0.476786,4.981087,0.15415,23.652385,79.346115
2017/9/14,0.439886,10.254696,0.13807,24.720069,78.710394
2017/9/22,0.403295,47.972897,0.194582,24.712069,75.66634
2017/9/30,0.45038,13.37313,0.313304,18.339639,40.998974
2017/10/8,0.424395,25.840004,0.320617,17.493451,47.000952
2017/10/16,0.407808,3.733707,0.252295,17.288944,54.48081
2017/10/24,0.375542,11.847541,0.218525,14.959357,66.226397
2017/11/1,0.34387,4.815432,0.19078,11.10905,44.668412
2017/11/9,0.31707,6.111339,0.196728,9.522947,29.845876
2017/11/17,0.315867,1.902194,0.201585,12.269561,41.144276
2017/11/25,0.306669,2.236062,0.174059,12.001955,43.31194
2017/12/3,0.299384,4.551471,0.16659,9.731173,38.356618
2017/12/11,0.291701,0.186326,0.161452,5.678402,38.286201
2017/12/19,0.281502,9.212934,0.174474,6.401103,26.278537
2017/12/27,0.273073,2.446841,0.185215,-1.022666,21.454378
2018/1/1,0.269923,1.625772,0.183111,-3.181995,19.567367
2018/1/9,0.252533,6.793319,0.190819,4.950667,27.955142
2018/1/17,0.253051,0.471705,0.199016,0.29823,27.185653
2018/1/25,0.246508,0.657994,0.201274,6.108337,39.443591
2018/2/2,0.246332,1.956989,0.18503,5.205621,42.18165
2018/2/10,0.243564,3.010941,0.183387,0.94816,29.780688
2018/2/18,0.192136,18.405703,0.20821,8.488035,43.146335
2018/2/26,0.254507,12.852544,0.242119,6.166475,34.849224
2018/3/6,0.254564,0.328314,0.202876,10.625997,62.504812
2018/3/14,0.260637,1.833509,0.172851,11.490574,64.746559
2018/3/22,0.272402,8.343475,0.196868,13.504507,63.174282
2018/3/30,0.288056,20.53005,0.233185,11.303577,47.087334
2018/4/7,0.301145,6.220131,0.201095,10.039863,60.720426
2018/4/15,0.302461,4.210625,0.176145,15.396076,97.311373
2018/4/23,0.324392,16.636511,0.231196,12.54623,57.450325
2018/5/1,0.374086,25.384553,0.210052,19.399432,83.037825
2018/5/9,0.395095,5.992761,0.180982,23.909422,98.136854
2018/5/17,0.412201,27.977397,0.195983,23.202921,76.215319
2018/5/25,0.418142,13.971911,0.207007,24.971381,84.328218
2018/6/2,0.411334,17.272923,0.182818,26.378198,94.958246
2018/6/10,0.406465,21.82031,0.159383,28.342345,100.67004
2018/6/18,0.425655,16.490183,0.158825,27.538504,100.194498
2018/6/26,0.424371,31.867804,0.197125,27.86616,99.479044
2018/7/4,0.423992,16.754334,0.176784,27.924554,89.825954
2018/7/12,0.427921,10.860215,0.167354,27.927796,85.733625
2018/7/20,0.420663,14.283245,0.16738,30.081123,93.861679
2018/7/28,0.441469,38.36861,0.190484,26.577123,78.281678
2018/8/5,0.441999,16.155159,0.179505,27.469726,94.497929
2018/8/13,0.473314,30.728675,0.217377,25.326748,62.808257
2018/8/21,0.476637,28.229393,0.245181,25.229057,70.966412
2018/8/29,0.469494,17.928475,0.180207,28.119284,96.317756
2018/9/6,0.424412,45.81548,0.263553,22.710073,43.386854
2018/9/14,0.452893,2.106581,0.233473,23.686235,60.993979
2018/9/22,0.448938,26.751651,0.232588,22.598772,61.502341
2018/9/30,0.42913,10.314768,0.227869,19.670429,51.894741
2018/10/8,0.440543,76.694493,0.30585,16.379665,38.437621
2018/10/16,0.379154,22.743154,0.352798,10.163563,28.015679
2018/10/24,0.380794,24.141576,0.336511,13.006532,30.882666
2018/11/1,0.36503,26.98779,0.311863,12.148179,36.531452
2018/11/9,0.331875,4.211097,0.295391,6.229284,27.247751
2018/11/17,0.312068,0.213766,0.301356,3.362597,22.699131
2018/11/25,0.264978,7.354841,0.27146,6.767535,32.610052
2018/12/3,0.290645,9.39117,0.267181,5.181229,26.630623
2018/12/11,0.289464,13.382293,0.286772,2.916662,20.996985
2018/12/19,0.288386,1.38318,0.272759,6.448691,27.782948
2018/12/27,0.244102,19.92833,0.296725,2.853031,18.495258
2019/1/1,0.275207,14.206604,0.31916,-1.713828,17.348379
2019/1/9,0.255249,8.885473,0.314519,6.460623,25.614929
2019/1/17,0.233782,2.124889,0.314565,3.400271,20.967995
2019/1/25,0.262496,3.157071,0.291798,2.869777,29.879343
2019/2/2,0.266749,1.672372,0.270363,6.046706,28.381536
2019/2/10,0.26283,10.118705,0.267648,2.895009,33.425663
2019/2/18,0.233473,9.048729,0.251851,2.636481,35.655211
2019/2/26,0.21015,3.462747,0.276373,2.807985,29.071181
2019/3/6,0.2757,10.207559,0.272863,1.340526,33.555178
2019/3/14,0.285086,26.791797,0.313548,7.823106,43.094542
2019/3/22,0.31135,9.411834,0.289587,10.675746,43.035437
2019/3/30,0.329522,5.017898,0.264989,11.217825,52.356118
2019/4/7,0.368811,12.28285,0.251735,17.201501,64.236954
2019/4/15,0.405008,22.626642,0.246731,13.152558,68.04982
2019/4/23,0.440193,18.422204,0.241106,16.724235,67.920731
2019/5/1,0.463286,33.567965,0.26462,16.761614,56.523938
2019/5/9,0.480228,57.303767,0.320265,15.272441,47.128455
2019/5/17,0.503084,23.696922,0.264866,20.294037,73.0734
2019/5/25,0.497234,64.589367,0.331149,20.444035,67.966266
2019/6/2,0.49617,31.102722,0.294231,21.509347,60.509217
2019/6/10,0.48263,16.206273,0.262459,21.326247,73.793755
2019/6/18,0.480505,35.113429,0.251083,24.519092,77.393478
2019/6/26,0.465044,20.16675,0.235266,25.806626,86.522192
2019/7/4,0.481766,26.664683,0.195936,26.985515,80.748381
2019/7/12,0.472493,12.56545,0.203458,27.078443,78.698219
2019/7/20,0.466142,8.382934,0.154318,29.280329,108.778538
2019/7/28,0.446368,4.342636,0.141545,27.34989,98.061619
2019/8/5,0.454815,19.308124,0.165073,28.742238,81.818414
2019/8/13,0.458579,25.389352,0.190642,28.539225,83.391908
2019/8/21,0.472302,26.691829,0.176805,28.535588,87.222974
2019/8/29,0.467234,28.308662,0.216629,26.049001,68.748407
2019/9/6,0.456687,7.525114,0.172329,27.401418,82.085027
2019/9/14,0.445664,11.421658,0.187113,25.974794,80.639975
2019/9/22,0.438591,26.310713,0.190293,25.02918,66.146306
2019/9/30,0.426296,24.643488,0.213892,23.888671,68.293483
2019/10/8,0.402307,10.185764,0.232851,16.859731,61.245974
2019/10/16,0.355589,3.608112,0.196049,15.543319,60.494904
2019/10/24,0.345015,15.130106,0.201613,11.711138,53.798893
2019/11/1,0.316309,4.307127,0.223726,4.693623,32.005191
2019/11/9,0.291638,18.387392,0.244683,7.371598,30.230431
2019/11/17,0.280992,2.512888,0.216407,9.209044,35.430281
2019/11/25,0.269914,8.913476,0.249857,6.489079,28.866252
2019/12/3,0.270003,7.735382,0.278234,7.027511,30.784261
2019/12/11,0.272511,5.128137,0.238678,6.433962,27.624359
2019/12/19,0.266998,0.523876,0.223727,3.011407,23.313112
2019/12/27,0.274162,15.949811,0.250648,7.174981,27.906708
2020/1/1,0.271116,14.561925,0.285656,4.703269,27.474587
2020/1/9,0.241294,6.081215,0.251975,5.65955,32.609509
2020/1/17,0.27253,13.969666,0.278097,4.573033,25.382239
2020/1/25,0.267857,10.040673,0.284792,5.313112,23.555556
2020/2/2,0.26715,4.792412,0.280383,4.658031,30.829961
2020/2/10,0.275605,13.001104,0.286066,2.429229,25.367949
2020/2/18,0.269907,2.958999,0.279509,4.118003,31.317193
2020/2/26,0.277672,7.718054,0.279319,6.273246,39.785019
2020/3/5,0.290563,12.898294,0.248431,10.887066,52.784213
2020/3/13,0.267059,25.926547,0.286392,11.627167,36.188172
2020/3/21,0.327461,24.359994,0.325264,11.091051,40.054737
2020/3/29,0.331654,12.570857,0.266194,15.045531,61.827115
2020/4/6,0.382223,4.029621,0.235383,14.035057,58.159423
2020/4/14,0.385709,7.522723,0.214805,9.968637,61.072953
2020/4/22,0.396468,12.149327,0.221542,16.050717,64.411943
2020/4/30,0.400959,5.651905,0.188965,21.250837,91.245894
2020/5/8,0.41911,9.34556,0.185281,17.517063,81.898834
2020/5/16,0.416639,30.20864,0.242116,19.809397,62.729221
2020/5/24,0.418922,32.363512,0.246018,21.234448,67.084764
2020/6/1,0.410387,7.519138,0.203974,24.481467,87.160512
2020/6/9,0.385641,3.99101,0.165855,26.412248,112.414641
2020/6/17,0.397133,21.497732,0.152835,26.872602,111.643028
2020/6/25,0.394616,31.500284,0.196433,26.883425,92.317715
2020/7/3,0.423852,15.187365,0.166995,28.564202,92.533518
2020/7/11,0.432197,20.644381,0.162699,29.853656,98.793187
2020/7/19,0.451976,28.331877,0.163588,28.845119,93.330561
2020/7/27,0.472421,32.768567,0.185591,27.473502,76.46241
2020/8/4,0.47151,15.734474,0.198117,25.640915,81.412911
2020/8/12,0.458466,8.67364,0.162873,29.41903,96.157528
2020/8/20,0.444475,11.580063,0.15339,27.094282,82.160767
2020/8/28,0.427658,11.358347,0.148857,27.844678,86.805164
2020/9/5,0.433138,22.283719,0.196715,25.050287,71.366561
2020/9/13,0.424222,22.921713,0.277997,17.540235,43.789067
2020/9/21,0.414525,4.421997,0.187829,21.218064,60.259879
2020/9/29,0.3839,4.449479,0.164025,20.374771,78.713591
2020/10/7,0.357788,0.097308,0.142973,21.082552,68.004321
2020/10/15,0.341362,0.446026,0.133614,18.567019,78.068733
2020/10/23,0.333647,15.425628,0.160133,11.354344,41.602776
2020/10/31,0.315215,19.981608,0.270729,7.994694,32.054959
2020/11/8,0.311895,0.719739,0.216523,15.198025,48.073262
2020/11/16,0.302839,1.428076,0.196706,12.068264,51.765305
2020/11/24,0.307126,12.647165,0.21283,10.15751,30.823327
2020/12/2,0.29069,3.507191,0.242053,4.030193,28.872379
2020/12/10,0.230708,2.869367,0.226713,6.498718,25.979796
2020/12/18,0.277163,5.566449,0.243115,2.654492,20.633021
2020/12/26,0.280213,1.453524,0.230713,6.333421,37.443463
2021/1/1,0.274134,18.241249,0.267503,3.60998,21.746124
2021/1/9,0.262082,6.389059,0.266355,2.652295,19.865557
2021/1/17,0.262319,2.260967,0.255889,4.721294,37.280494
2021/1/25,0.237865,5.048508,0.258021,3.474104,21.925394
2021/2/2,0.266598,7.614503,0.266146,7.051252,37.526843
2021/2/10,0.067903,3.064967,0.23861,-2.514689,25.631457
2021/2/18,0.264162,9.070992,0.248274,-7.610725,16.228917
2021/2/26,0.266578,2.884856,0.264173,6.962235,41.506628
2021/3/6,0.270755,4.462612,0.230021,11.131747,55.06761
2021/3/14,0.289256,29.674053,0.268121,12.273975,50.970999
2021/3/22,0.310475,22.6071,0.30684,9.136409,47.671976
2021/3/30,0.325114,0.854329,0.260002,12.119088,72.612025
2021/4/7,0.342586,4.75922,0.201308,16.667345,76.604146
2021/4/15,0.358805,11.59673,0.225424,10.926613,54.004688
2021/4/23,0.378573,10.706511,0.232895,12.562752,65.243717
2021/5/1,0.404082,24.909193,0.245576,18.313445,66.357129
2021/5/9,0.41104,10.975112,0.236904,16.161558,65.955282
2021/5/17,0.331509,48.084166,0.300486,18.3084,49.596985
2021/5/25,0.454968,27.451022,0.29472,21.555787,59.633098
2021/6/2,0.457292,41.875156,0.317334,19.18317,51.364845
2021/6/10,0.453607,15.639921,0.238249,26.023341,73.108706
2021/6/18,0.438733,9.939047,0.174085,28.193938,99.275274
2021/6/26,0.436521,34.994661,0.21629,25.36475,79.287595
2021/7/4,0.489986,31.28166,0.293123,24.295836,58.037288
2021/7/12,0.50954,16.525211,0.216832,25.966046,82.407139
2021/7/20,0.517528,12.884435,0.197049,26.044639,76.51689
2021/7/28,0.509169,11.355051,0.161519,28.775537,83.434536
2021/8/5,0.497748,16.15154,0.176438,25.897313,81.494374
2021/8/13,0.48962,18.879058,0.175444,27.694083,84.299838
2021/8/21,0.473416,16.499783,0.20414,26.882993,80.515015
2021/8/29,0.471672,5.572024,0.148202,28.129913,84.34306
2021/9/6,0.449178,22.098579,0.187501,26.064229,73.190688
2021/9/14,0.423352,5.086248,0.145769,26.358548,87.134775
2021/9/22,0.391414,0.387694,0.137586,22.94019,83.56641
2021/9/30,0.385903,30.322603,0.182825,21.996197,62.538406
2021/10/8,0.382773,9.236959,0.186079,21.36263,67.900384
2021/10/16,0.368257,17.549141,0.222916,16.332395,60.490024
2021/10/24,0.355192,7.960972,0.185401,17.891975,55.737296
2021/11/1,0.346577,4.668275,0.210305,11.04804,47.214972
2021/11/9,0.327838,5.313902,0.204793,13.202562,42.240341
2021/11/17,0.314466,3.156602,0.181609,11.430245,48.829599
2021/11/25,0.305955,3.587937,0.16767,10.219256,44.58386
2021/12/3,0.295754,0.592275,0.165746,11.830428,37.83513
2021/12/11,0.288602,2.665427,0.156164,9.112682,45.351603
2021/12/19,0.286237,2.368922,0.165459,7.34337,36.243833
2021/12/27,0.281527,4.41484,0.159858,11.716536,48.72936
2022/1/1,0.24388,6.597689,0.172679,4.65323,36.603455
2022/1/9,0.27243,2.288116,0.190531,2.63048,28.850566
2022/1/17,0.2666,2.013571,0.185634,4.666882,37.634616
2022/1/25,0.24875,0.453985,0.176386,1.365448,26.438033
2022/2/2,0.252009,9.110133,0.192932,0.954138,27.859215
2022/2/10,0.25774,0.668635,0.224031,5.478232,40.436421
2022/2/18,0.255837,5.721015,0.202456,8.208379,53.816586
2022/2/26,0.247938,3.782504,0.200624,0.467799,36.175552
2022/3/6,0.249149,1.870416,0.177234,9.125315,50.382497
2022/3/14,0.253679,5.961604,0.186109,7.533554,55.574816
2022/3/22,0.260637,16.019841,0.24394,9.956356,61.485715
2022/3/30,0.272894,6.242139,0.215506,13.574684,70.371506
2022/4/7,0.282745,5.55034,0.19394,14.725132,89.034596
2022/4/15,0.29408,3.09548,0.168029,15.315752,84.247872
2022/4/23,0.327531,11.694632,0.181662,18.318514,87.697709
2022/5/1,0.362947,23.903687,0.212722,18.322351,76.523713
2022/5/9,0.361872,15.724844,0.234478,23.369067,93.142601
2022/5/17,0.377388,15.911904,0.181177,25.052213,97.125795
2022/5/25,0.375208,37.27301,0.254496,17.522617,70.901327
2022/6/2,0.408495,35.537731,0.253086,22.80132,82.907932
2022/6/10,0.399566,26.656569,0.248832,26.757404,88.088312
2022/6/18,0.384649,3.284176,0.162697,29.142696,118.554019
2022/6/26,0.389729,9.158956,0.164,26.396605,92.787008
2022/7/4,0.383413,13.13415,0.159266,29.295857,102.213741
2022/7/12,0.372607,6.311931,0.14156,30.08873,100.49031
2022/7/20,0.361394,8.973296,0.132854,31.434295,109.408637
2022/7/28,0.394427,29.260547,0.182162,28.577788,90.586518
2022/8/5,0.392202,6.374662,0.169095,30.132016,103.17977
2022/8/13,0.384494,9.297151,0.142961,28.536006,88.375033
2022/8/21,0.403567,24.603903,0.211332,24.221003,59.891237
2022/8/29,0.427464,22.678303,0.200772,26.13811,70.97781
2022/9/6,0.408156,6.876557,0.181984,25.81467,73.145082
2022/9/14,0.395447,7.522902,0.1619,23.639334,78.09046
2022/9/22,0.370237,4.42326,0.152499,25.332357,80.389821
2022/9/30,0.350911,3.249461,0.138018,22.001863,79.284288
2022/10/8,0.239778,6.08968,0.169505,18.164167,51.405653
2022/10/16,0.282285,9.542876,0.190359,15.568859,57.510203
2022/10/24,0.324792,8.224005,0.192407,16.607535,66.66899
2022/11/1,0.327792,26.005664,0.224178,14.162801,41.033777
2022/11/9,0.318676,3.857262,0.230741,12.089017,42.216929
2022/11/17,0.301421,1.297562,0.217598,1.833421,27.147186
2022/11/25,0.291723,18.114282,0.239332,6.310743,23.349367
2022/12/3,0.27437,4.678988,0.241497,7.018832,34.482958
2022/12/11,0.28555,9.013862,0.250584,7.780418,22.26257
2022/12/19,0.246429,2.279325,0.241318,0.136606,24.352926
2022/12/27,0.258178,6.401899,0.233274,1.199818,27.848476
2023/1/1,0.250251,8.819117,0.233205,7.584641,29.219314
2023/1/9,0.254188,2.243335,0.220066,6.753636,33.09562
2023/1/17,0.243601,6.576235,0.21056,7.233244,38.032139
2023/1/25,0.212497,6.002298,0.241858,1.442237,21.755821
2023/2/2,0.244693,2.403728,0.266772,-0.888655,22.660827
2023/2/10,0.254726,5.561924,0.258649,5.549289,34.563944
2023/2/18,0.254049,13.017436,0.254324,6.330431,45.306164
2023/2/26,0.271887,6.210128,0.241544,7.726591,51.281843
2023/3/6,0.26655,10.611585,0.233532,9.828357,43.887846
2023/3/14,0.292327,6.764159,0.225322,8.809384,52.518232
2023/3/22,0.300875,8.372108,0.215253,9.717361,55.211388
2023/3/30,0.310084,2.111549,0.205679,11.337112,67.439272
2023/4/7,0.322128,5.277765,0.176964,14.421361,75.25129
2023/4/15,0.331808,2.724087,0.165697,17.954678,88.884283
2023/4/23,0.358345,20.574162,0.180215,13.691424,65.917262
2023/5/1,0.358663,14.572653,0.23998,15.212168,64.094066
2023/5/9,0.382914,24.726707,0.202796,22.361266,77.069724
2023/5/17,0.429119,31.552051,0.281357,18.78764,50.053683
2023/5/25,0.457487,29.646903,0.27933,20.137934,57.816856
2023/6/2,0.494776,40.490521,0.286508,21.597525,59.482637
2023/6/10,0.506633,27.190481,0.262845,22.59717,62.951295
2023/6/18,0.496356,20.181945,0.247986,25.007923,76.740297
2023/6/26,0.483892,16.118721,0.195616,28.048437,96.609194
2023/7/4,0.500767,37.210948,0.210145,26.23603,78.338473
2023/7/12,0.501594,24.30991,0.23744,27.297903,77.244234
2023/7/20,0.493415,22.475172,0.2048,28.191295,88.676314
2023/7/28,0.461784,4.411648,0.157499,30.660958,108.683017
2023/8/5,0.460275,22.121731,0.156795,29.591343,97.863555
2023/8/13,0.446051,16.35148,0.184323,27.768268,89.272942
2023/8/21,0.417816,1.659624,0.141076,30.682386,101.53474
2023/8/29,0.394094,6.279471,0.159256,27.231872,83.794297
2023/9/6,0.383174,0.939534,0.130887,28.776315,103.28803
2023/9/14,0.400009,41.187748,0.246437,21.044489,48.996729
2023/9/22,0.391576,10.320552,0.204071,24.363777,71.87014
2023/9/30,0.401063,21.486718,0.160253,25.003557,80.941509
2023/10/8,0.380199,21.743151,0.214301,18.379089,56.874882
2023/10/16,0.358571,0.36153,0.163683,15.850426,63.149516
2023/10/24,0.367907,12.923702,0.192073,19.730587,52.287821
2023/11/1,0.327552,7.196328,0.256585,7.400945,35.309745
2023/11/9,0.32167,3.847746,0.213973,13.840621,41.182614
2023/11/17,0.324588,11.71677,0.205267,12.379152,30.628406
2023/11/25,0.285165,0.711172,0.222021,4.685159,30.167632
2023/12/3,0.31158,2.829688,0.2373,6.609991,28.048776
2023/12/11,0.312117,11.371482,0.22171,7.354873,31.002161
2023/12/19,0.295485,7.25286,0.300821,7.60531,21.358714
2023/12/27,0.297191,14.73277,0.300737,4.434419,23.126234
2024/1/1,0.294249,5.642075,0.281766,2.6464,17.228865
2024/1/9,0.209044,11.553925,0.303726,1.293503,24.932621
2024/1/17,0.217324,2.125073,0.281421,-7.109008,20.828293
2024/1/25,0.28214,11.45569,0.315599,2.985334,12.413924
2024/2/2,0.28871,9.346048,0.306032,9.210237,26.831627
2024/2/10,0.29439,11.065464,0.292625,6.801566,33.542469
2024/2/18,0.294924,1.001887,0.2861,6.74087,37.458656
2024/2/26,0.308619,3.733531,0.2242,11.573267,61.435289
2024/3/5,0.323121,9.941034,0.206393,12.099381,53.708889
2024/3/13,0.341222,6.802386,0.221168,11.32912,51.415079
2024/3/21,0.350974,11.649747,0.228422,11.235837,51.951892
2024/3/29,0.368264,11.400514,0.229307,11.841782,57.080108
2024/4/6,0.381345,10.448015,0.209712,14.195546,79.060202
2024/4/14,0.39592,6.407683,0.207253,18.169254,82.766928
2024/4/22,0.432336,8.162072,0.202929,14.971633,63.159829
2024/4/30,0.434783,36.689585,0.251276,19.223115,67.944128
2024/5/8,0.442081,20.15626,0.254489,18.569225,72.193267
2024/5/16,0.439858,26.550158,0.270908,20.240338,64.744844
2024/5/24,0.432125,10.975064,0.221667,23.092573,89.633375
2024/6/1,0.437535,52.318434,0.256395,23.421247,65.461086
2024/6/9,0.443621,26.61622,0.239667,25.164975,80.281969
2024/6/17,0.442718,13.865282,0.202544,27.018027,94.311862
2024/6/25,0.439,9.742563,0.173016,28.95132,97.739418
2024/7/3,0.451086,21.790412,0.186526,27.6933,92.198005
2024/7/11,0.447826,12.204184,0.195987,26.842823,87.588447
2024/7/19,0.462773,23.958767,0.178404,26.743269,80.561473
2024/7/27,0.444733,2.070559,0.168833,27.743075,91.226461
2024/8/4,0.42866,9.834303,0.144137,29.662519,95.42563
2024/8/12,0.439952,24.608901,0.190705,26.873068,80.73969
2024/8/20,0.424893,9.481542,0.153109,29.280574,91.77527
2024/8/28,0.420205,12.21757,0.156927,27.889278,84.708057
2024/9/5,0.40462,13.647511,0.206436,22.864339,65.214909
2024/9/13,0.38788,3.919322,0.150652,25.04612,84.158344
2024/9/21,0.395087,32.840828,0.18574,24.024798,69.91746
2024/9/29,0.378119,2.703353,0.184763,21.878534,66.609821
2024/10/7,0.357514,1.964014,0.138285,22.777156,72.813097
2024/10/15,0.347157,0.390603,0.129794,19.15028,76.756427
2024/10/23,0.323514,8.045157,0.166518,18.81897,60.568912
2024/10/31,0.334352,52.965525,0.188627,17.788862,56.422869
2024/11/8,0.307125,26.224086,0.331743,10.629338,26.485064
2024/11/16,0.326211,8.981386,0.326527,11.645496,34.54089
2024/11/24,0.320461,4.639821,0.318724,8.275006,33.011328
2024/12/2,0.313823,2.595075,0.279923,4.626521,23.490062
2024/12/10,0.304585,3.200537,0.264365,5.548167,27.081534
2024/12/18,0.300972,2.841932,0.250171,7.042502,27.702697
2024/12/26,0.307414,8.015033,0.24366,8.210941,20.267392
