{
  "os": "Windows-10-10.0.26100-SP0",
  "python": "CPython 3.10.19",
  "startedAt": "2025-11-27T06:26:02.187499Z",
  "program": "d:\\12138\\大数据系统原理与应用\\期末作业\\模型代码\\baseline_arima.py",
  "codePath": "模型代码\\baseline_arima.py",
  "codePathLocal": "模型代码\\baseline_arima.py",
  "email": "1923243842@qq.com",
  "root": "D:\\12138\\大数据系统原理与应用\\期末作业",
  "host": "Stardust",
  "executable": "D:\\anaconda\\envs\\gcn_env\\python.exe",
  "cpu_count": 14,
  "cpu_count_logical": 20,
  "gpu": "NVIDIA GeForce RTX 4060 Laptop GPU",
  "gpu_count": 1,
  "disk": {
    "/": {
      "total": "807072165888",
      "used": "359708958720"
    }
  },
  "memory": {
    "total": "16890519552"
  },
  "gpu_nvidia": [
    {
      "name": "NVIDIA GeForce RTX 4060 Laptop GPU",
      "memoryTotal": "8585740288",
      "cudaCores": 3072,
      "architecture": "Ada",
      "uuid": "GPU-8654a3d4-29f3-733b-0332-27968b35f36a"
    }
  ],
  "cudaVersion": "12.7",
  "writerId": "kqi1z79gyv68v4okky96o4y1xcsv355m"
}