{"test_RMSE":0.2770489562374277,"_wandb":{"runtime":0},"_runtime":0,"test_ROC_AUC":0.41252966302800187,"_timestamp":1.7642482604842753e+09,"test_MAE":0.26334052323120904,"pred_vs_true":{"_type":"image-file","sha256":"0b947722e14363639001cabb04abbda9aecc3ce780f163b20c9d603f8da0e85e","size":159377,"path":"media/images/pred_vs_true_1_0b947722e14363639001.png","format":"png","width":1920,"height":1440},"_step":1,"test_F1":0.31309904153354634,"residual_hist":{"size":50279,"path":"media/images/residual_hist_1_201ad389d216aac1af0d.png","format":"png","width":1920,"height":1440,"_type":"image-file","sha256":"201ad389d216aac1af0d4909a8843e5e41555e8efc84ee7dfaa2de7d41f40a91"}}