{
  "os": "Windows-10-10.0.26100-SP0",
  "python": "CPython 3.10.19",
  "startedAt": "2025-11-27T12:57:38.793528Z",
  "program": "d:\\12138\\大数据系统原理与应用\\期末作业\\模型代码\\baseline_arima.py",
  "codePath": "模型代码\\baseline_arima.py",
  "codePathLocal": "模型代码\\baseline_arima.py",
  "email": "1923243842@qq.com",
  "root": "D:\\12138\\大数据系统原理与应用\\期末作业",
  "host": "Stardust",
  "executable": "D:\\anaconda\\envs\\gcn_env\\python.exe",
  "writerId": "n76ilxtezv5jd4xabluyvmhdlu0qr9ts"
}