{"test_ROC_AUC":0.9359278595158993,"_timestamp":1.764224301691046e+09,"_wandb":{"runtime":2},"pred_vs_true":{"_type":"image-file","sha256":"31fe5833c4074f33fa281f779fb839e8ede7d4b3384ebbf3f1cc22a85db61331","size":185374,"path":"media/images/pred_vs_true_1_31fe5833c4074f33fa28.png","format":"png","width":1920,"height":1440},"_step":1,"_runtime":2,"test_F1":0.7128712871287128,"residual_hist":{"path":"media/images/residual_hist_1_2f78f90428a676f966c7.png","format":"png","width":1920,"height":1440,"_type":"image-file","sha256":"2f78f90428a676f966c7b3fcc6d374b93aa42a8ef4de2958c06deca10fd29bef","size":53334},"test_MAE":0.028677290097402594,"test_RMSE":0.037907345028960995}