{"test_MAE":0.015819580031713357,"test_RMSE":0.0247183043813203,"_timestamp":1.76422457670426e+09,"_runtime":0,"test_F1":0.8316831683168316,"pred_vs_true":{"height":1440,"_type":"image-file","sha256":"4e9aa12f610385e21299f0b58017cd29e78b4898d2d12c6fc9b21b6d559a3e99","size":184929,"path":"media/images/pred_vs_true_1_4e9aa12f610385e21299.png","format":"png","width":1920},"_step":1,"residual_hist":{"height":1440,"_type":"image-file","sha256":"dfec4bafdfd0f7c8e20a142f92023a163c1ddfabd4f31fe0c90e7f6315d55d92","size":56416,"path":"media/images/residual_hist_1_dfec4bafdfd0f7c8e20a.png","format":"png","width":1920},"_wandb":{"runtime":0},"test_ROC_AUC":0.9659231134314191}