{
  "os": "Windows-10-10.0.26100-SP0",
  "python": "CPython 3.10.19",
  "startedAt": "2025-11-27T06:22:55.466181Z",
  "program": "d:\\12138\\大数据系统原理与应用\\期末作业\\模型代码\\baseline_linear_regression.py",
  "codePath": "模型代码\\baseline_linear_regression.py",
  "codePathLocal": "模型代码\\baseline_linear_regression.py",
  "email": "1923243842@qq.com",
  "root": "D:\\12138\\大数据系统原理与应用\\期末作业",
  "host": "Stardust",
  "executable": "D:\\anaconda\\envs\\gcn_env\\python.exe",
  "writerId": "idarr6dqllweif3q75c5kgcjvr41npaa"
}